begin	msa_original	l_effective	n_effective	repeat_region_length	divergence	pvalue
819	S,S,S,S,S,S,S	1	7.0	7	1e-10	0.0
758	S,S,S,S,S,S	1	6.0	6	1e-10	0.0
620	S,S,S,S,S,S	1	6.0	6	1e-10	0.0
606	R,R,R,R,R,R	1	6.0	6	1e-10	0.0
1022	E,E,E,E,E,E,E,E,E,E,E,E,E,E,E,E,E,E	1	18.0	18	1e-10	0.0
268	E,E,E,E,E,E,E,E,E,E,E,E,E,E,E	1	15.0	15	1e-10	0.0
208	P,P,P,P,P,P,P,P	1	8.0	8	1e-10	0.0
777	DR,DR,DR,DR,DR,DR,DR	2	7.0	14	1e-10	0.0
573	RS,RS,RS,RS,RS	2	5.0	10	1e-10	0.0
662	AP,AP,AP	2	3.0	6	1e-10	0.0
501	PA,PA,PA,PA	2	4.0	8	1e-10	0.0
